-- MySQL Script generated by MySQL Workbench
-- Sun Sep 20 22:03:28 2020
-- Model: New Model    Version: 1.0
-- MySQL Workbench Forward Engineering

SET @OLD_UNIQUE_CHECKS=@@UNIQUE_CHECKS, UNIQUE_CHECKS=0;
SET @OLD_FOREIGN_KEY_CHECKS=@@FOREIGN_KEY_CHECKS, FOREIGN_KEY_CHECKS=0;
SET @OLD_SQL_MODE=@@SQL_MODE, SQL_MODE='ONLY_FULL_GROUP_BY,STRICT_TRANS_TABLES,NO_ZERO_IN_DATE,NO_ZERO_DATE,ERROR_FOR_DIVISION_BY_ZERO,NO_ENGINE_SUBSTITUTION';

-- -----------------------------------------------------
-- Schema taskmanager
-- -----------------------------------------------------

-- -----------------------------------------------------
-- Schema taskmanager
-- -----------------------------------------------------
DROP DATABASE IF EXISTS`taskmanager`;
CREATE SCHEMA IF NOT EXISTS `taskmanager` DEFAULT CHARACTER SET utf8mb4 ;
USE `taskmanager` ;

-- -----------------------------------------------------
-- Table `taskmanager`.`abteilung`
-- -----------------------------------------------------

CREATE TABLE IF NOT EXISTS `taskmanager`.`abteilung` (
  `idabteilung` INT NOT NULL,
  `abteilung` VARCHAR(45) NULL,
  PRIMARY KEY (`idabteilung`))
ENGINE = InnoDB;


-- -----------------------------------------------------
-- Table `taskmanager`.`mitarbeiter`
-- -----------------------------------------------------

CREATE TABLE IF NOT EXISTS `taskmanager`.`mitarbeiter` (
  `idmitarbeiter` INT NOT NULL,
  `name` VARCHAR(45) NULL,
  `vorname` VARCHAR(45) NULL,
  `abteilung` INT NULL,
  PRIMARY KEY (`idmitarbeiter`),
  INDEX `abteilung_idx` (`abteilung` ASC) VISIBLE,
  CONSTRAINT `abteilung`
    FOREIGN KEY (`abteilung`)
    REFERENCES `taskmanager`.`abteilung` (`idabteilung`)
    ON DELETE NO ACTION
    ON UPDATE NO ACTION)
ENGINE = InnoDB;


-- -----------------------------------------------------
-- Table `taskmanager`.`taskstatus`
-- -----------------------------------------------------

CREATE TABLE IF NOT EXISTS `taskmanager`.`taskstatus` (
  `idstatus` INT NOT NULL,
  `taskstatus` VARCHAR(45) NULL,
  PRIMARY KEY (`idstatus`))
ENGINE = InnoDB;


-- -----------------------------------------------------
-- Table `taskmanager`.`tasks`
-- -----------------------------------------------------

CREATE TABLE IF NOT EXISTS `taskmanager`.`tasks` (
  `idtasks` INT NOT NULL,
  `task` VARCHAR(100) NULL,
  `idstatus` INT NULL,
  `mitarbeiter` INT NULL,
  PRIMARY KEY (`idtasks`),
  UNIQUE INDEX `idtasks_UNIQUE` (`idtasks` ASC) VISIBLE,
  INDEX `mitarbeiter_idx` (`mitarbeiter` ASC) VISIBLE,
  INDEX `status_idx` (`idstatus` ASC) VISIBLE,
  CONSTRAINT `mitarbeiter`
    FOREIGN KEY (`mitarbeiter`)
    REFERENCES `taskmanager`.`mitarbeiter` (`idmitarbeiter`)
    ON DELETE NO ACTION
    ON UPDATE NO ACTION,
  CONSTRAINT `status`
    FOREIGN KEY (`idstatus`)
    REFERENCES `taskmanager`.`taskstatus` (`idstatus`)
    ON DELETE NO ACTION
    ON UPDATE NO ACTION)
ENGINE = InnoDB;

USE `taskmanager` ;

INSERT INTO `abteilung` (`idabteilung`,`abteilung`)  VALUES (1,"Verwaltung"),
(2,"Sekretariat") ;

INSERT INTO `mitarbeiter` (`idmitarbeiter`,`name`,`vorname`,`abteilung`)  VALUES (1,"Müller","Peter",1),
(2,"Dorsch","Adam",1), (3,"Musk","John",1), (4,"Windows","Bill",2), (5,"Smith","Marta",2) ;

INSERT INTO `taskstatus` (`idstatus`,`taskstatus`)  VALUES (1,"In Bearbeitung"),
(2,"Zu Tun"),(3, "Erledigt") ;

INSERT INTO `tasks` (`idtasks`,`task`,`idstatus`,`mitarbeiter`)  VALUES (1,"Monatsabrechnung Erstellen",1,1),
(2,"Lieferant Anrufen",2,1), (3,"Lieferant Anrufen",1,2), (4,"Büromittel einkaufen",3,4), (5,"Angebot schreiben",1,5) ;

-- -----------------------------------------------------
-- Placeholder table for view `taskmanager`.`Overview`
-- -----------------------------------------------------
CREATE TABLE IF NOT EXISTS `taskmanager`.`Overview` (`idtask` INT, `task` INT, `mitarbeiter` INT, `taskstatus` INT);

-- -----------------------------------------------------
-- View `taskmanager`.`Overview`
-- -----------------------------------------------------
DROP TABLE IF EXISTS `taskmanager`.`Overview`;
USE `taskmanager`;
CREATE  OR REPLACE VIEW `Overview` AS SELECT `tasks`.`idtasks`,`tasks`.`task`,`mitarbeiter`.`name`,`mitarbeiter`.`vorname`, `taskstatus`.`taskstatus`
FROM `tasks`
INNER JOIN `mitarbeiter` ON `mitarbeiter`.`idmitarbeiter`=`idmitarbeiter`
INNER JOIN `taskstatus` ON `taskstatus`.`idstatus`=`tasks`.`idstatus`;

SET SQL_MODE=@OLD_SQL_MODE;
SET FOREIGN_KEY_CHECKS=@OLD_FOREIGN_KEY_CHECKS;
SET UNIQUE_CHECKS=@OLD_UNIQUE_CHECKS;

